Sequence,Class
AAAAARRRIRKQAHAHSK,1
AAAWFW,1
AAVACRICMRNFSTRQARRNHRRRHRR,1
AAVALLPAVLLALLAKKNNLKDCGLF,1
AAVALLPAVLLALLAPRKKRRQRRRPPQC,1
AAVALLPAVLLALLAPSGASGLDKRDYV,1
AAVALLPAVLLALLAPVQRKRQKLMP,1
AAVLLPVLLAAP,1
ACGRGRGRCRGRGRGCG,1
ACHGRRWGCGRHRGRCG,1
ACRDRFRRCPADERLCG,1
ACRGRGRGCGRGRGRCG,1
ACRGRGRGCGSGSGSCG,1
ACRGRGRRCGSGSRSCG,1
ACRGRRRGCGRRRGRCG,1
ACRGSGRGCGRGSGRCG,1
ACRRSRRGCGRRSRRCG,1
ACSDRFRNCPADEALCGRRRRRRRR,1
ACSGRGSGCGSGRGSCG,1
ACSGSGSGCGSGSGSCGRRRRRRRR,1
ACSHSGHGCGHGSHSCGRRRRRRRR,1
ACSSSPSKHCGGGGRRRRRRRRR,1
ADVFDRGGPYLQRGVADLVPTATLLDTYSP,1
AEAEAEAEAKAKAKAKAGGGHRRRRRRR,1
AEKVDPVKLNLTLSAAAEALTGLGDK,1
AGYLLGHINLHHLAHLHHILC,1
AGYLLGKINLKALAALAKKILTYADFIASGRTGRRNAI,1
AGYLLGKINLKKLAKLLLIL,1
AHALCLTERQIKIWFQNRRMKWKKEN,1
AIPNNQLGFPFK,1
AKKAKAAKKAKAAKKAKAAKKAKAAKKAKA,1
AKKKAAKAAKKKAAKAAKKKAAKA,1
AKVKDEPQRRSARLSAKPAPPKPEPKPKKAPAKK,1
ALALALALALALALALKIKKIKKIKKIKKLAKLAKKIK,1
ALWKTLLKKVLKAPKKKRKV,1
ALWMTLLKKVLKAAAKAALNAVLVGANA,1
APWHLSSQYSRT,1
ARRARAARRARAARRARAARRARAARRARA,1
ARRRAARAARRRAARAARRRAARA,1
ARRRAARAARRRAARAARRRAARAARRRAARA,1
ARRRRCSDRFRNCPADEALCGRRRR,1
ARRRRCSGSGSGCGSGSGSCGRRRR,1
ARTINAQQAELDSALLAAAGFGNTTADVFDRG,1
ASMWERVKSIIKSSLAAASNI,1
AVPAENALNNPF,1
AVPAKKRKSV,1
AYRIKPTFRRLKWKYKGKFW,1
CARSKNKDC,1
CASGQQGLLKLC,1
CAYGGQQGGQGGG,1
CCTGRKKRRQRRR,1
CELAGIGILTVKKKKKQKKK,1
CELAGIGILTVRKKRRQRRR,1
CGAYDLRRRERQSRLRRRERQSR,1
CGGGARKKAAKAARKKAAKAARKKAAKAARKKAAKA,1
CGGGRRRRRRRRRLLLL,1
CGGKDCERRFSRSDQLKRHQRRHTGVKPFQ,1
CGGMVTVLFRRLRIRRASGPPRVRV,1
CGNKRTRGC,1
CGNVVRQGCGYGRKKRRQRRRGTALDWSWLQTE,1
CGPGSDDEAAADAQHAAPPKKKRKVGY,1
CGRKKRAARQRAARAARPPQ,1
CGRKKRLLRQRLLRLLRPPQ,1
CGRKKRRQRRAARPPQ,1
CGRKKRRQRWWRRPPQ,1
CGRKKRWWRQRRRPPQ,1
CGRKKRWWRQRWWRWWRPPQ,1
CHAIYPRH,1
CHHHHHRRRRRRRRRHHHHHC,1
CHHRRRRHHC,1
CIGAVLKVLTTGLPALISWIKRKRQQ,1
CIISRDLISH,1
CLLIILRRRIRKQAHAHSKNHQQQNPHQPPM,1
CLLYWFRRRHRHHRRRHRRC,1
CNGRCGGKKLKLLKLL,1
CNGRCGGLVTT,1
CREKAKKLFKKILKKL,1
CRFRFKCCKK,1
CRFRWKCCKK,1
CRGDKGDPC,1
CRGDKGPDC,1
CRKARYRGRKRQR,1
CRNGRGPDC,1
CRQIKIWFQNRRMKWKKKLAKLAKKLAKLAK,1
CRRLRHLRHHYRRRWHRFRC,1
CRWRFKCCKK,1
CRWRWKCSKK,1
CSIPPEVKFNKPFVYLI,1
CSKSSDYQC,1
CSSLDEPGRGGFSSESKV,1
CTSTTAKRKKRKLK,1
CVQWSLLRGYQPC,1
CWKKKKKKKKKKKKKKKKKK,1
DAATARGRGRSAASRPTERPRAPARSASRPRRPVD,1
DITYRFRGPDWL,1
DPATNPGPHFPR,1
DPKGDPKGVTVTVTVTVTGKGDPKPD,1
DPVDTPNPTRRKPGK,1
DRDDRDDRDDRDDRDDR,1
DRDRDRDRDR,1
DRRRRGSRPSGAERRRRRAAAA,1
DSLKSYWYLQKFSWR,1
DTWAGVEAIIRILQQLLFIHFR,1
EARPALLTSRLRFIPK,1
ECYPKKGQDP,1
EEEAAGRKRKKRT,1
EEEAAKKK,1
EEEEEEEEEEPLGLAGVSRRRRRRGGRRRR,1
EEEEEEEEPLGLAGRRRRRRRRN,1
EKGKKIFIMK,1
ELALELALEALEAALELA,1
EPDNWSLDFPRR,1
ERERERERERERER,1
FAPWDTASFMLG,1
FDPFFWKYSPRD,1
FFFAAGRKRKKRT,1
FFFFFFGRRRRRRRRGC,1
FFKKLALHALHLLALLWLHLAHLALKK,1
FFLIPKGRRRRRRRRGC,1
FHFHFRFR,1
FIIFRIAASHKK,1
FITKALGISYGRKKRRQRRRPPQ,1
FKKFRKF,1
FLGKKFKKYFLQLLK,1
FLIFIRVICIVIAKLKANLMCKT,1
FLKLLKKFLKLFKKLLKLF,1
FQFNFQFNGGGHRRRRRRR,1
FQPYDHPAEVSY,1
FRVPLRIRPCVVAPRLVMVRHTFGRIARWVAGPLETR,1
FTFHFTFHF,1
FTYKNFFWLPEL,1
FVTRGCPRRLVARLIRVMVPRR,1
GALFLAFLAAALSLMGLWSQPKKKRKV,1
GALFLGFLGAAGSTMGAWSQPKKKRKV,1
GALFLGFLGAAGSTMGAWSQPKSKRKV,1
GALFLGWLGAAGSTMGAPKSKRKVGGC,1
GCGGGYGRKKRRQRRR,1
GDVYADAAPDLFDFLDSSVTTARTINA,1
GEQIAQLIAGYIDIILKKKKSK,1
GGAYVTRSSAVRLRSSVPGVRLLQ,1
GGGGRRRRRRRRRLLLL,1
GGGGRRWWRRWRR,1
GGGRRRRRRYGRKKRRQRR,1
GGRRARRRRRR,1
GGVCPKILKKCRRDSDCPGACICRGNGYCGSGSD,1
GIGKFLHSAKKWGKAFVGQIMNC,1
GKHRHERGHHRDRRER,1
GKKALKLAAKLLKKC,1
GKKKKRKREKL,1
GKKKRKLSNRESAKRSR,1
GKKTNLFSALIKKKKTA,1
GKRKKKGKGLGKKRDPCLRKYK,1
GKRKKKGKLGKKRPRSR,1
GKRRRRATAKYRSAH,1
GKRVAKRKLIEQNRERRR,1
GKYVSLTTPKNPTKRRITPKDV,1
GLFEALLELLESLWELLLEA,1
GLFKALLKLLKSLWKLLLKAGGC,1
GLFRALLRLLRSLWRLLLRA,1
GLGDKFGESIVNANTVLDDLNSRMPQSRHDIQQL,1
GLGSLLKKAGKKLKQPKSKRKV,1
GLKKLARLFHKLLKLGC,1
GLLEALAELLEGLRKRLRKFRNKIKEK,1
GLPRRRRRRRRR,1
GLPVCGETCVGGTCNTPGCKCSWPVCTRN,1
GLWRALWRALWRSLWKLKRKV,1
GLWRALWRGLRSLWKKKRKV,1
GLWRALWRLLRSLWRLLWSQPKKKRKV,1
GLWWKAWWKAWWKSLWWRKRKRKA,1
GLWWRLWWRLRSWFRLWFRA,1
GNYAHRVGAGAPVWL,1
GPFHFYQFLFPPV,1
GRCTKSIPPICFPD,1
GRCTRSIPPKCWPD,1
GRGDGPRRKKKKGPRRKKKKGPRR,1
GRGDSPRRKKKKSPRRKKKKSPRR,1
GRGDSPRRSPRR,1
GRKGKHKRKKLP,1
GRKKRRQARAPPQC,1
GRKKRRQPPQC,1
GRKKRRQRRRMVSAL,1
GRKKRRQRRRPPQGRKKRRQRRRPPQGRKKRRQRRRPPQ,1
GRKKRRQRRRPPQTYADFIASGRTGRRNAI,1
GRKLKKKKNEKEDKRPRT,1
GRPRESGKKRKRKRLKP,1
GRQLRIAGRRLRRRSR,1
GRQLRRAGRRLRGRSR,1
GRRHHCRSKAKRSRHH,1
GRRRRKRLSHRT,1
GRRRRRERNK,1
GRRRRRRRRRPPQ,1
GSGKKGGKKHCQKY,1
GSPWGLQHHPPRT,1
GSRHPSLIIPRQ,1
GSRVQIRCRFRNSTR,1
GSVSRRRRRRGGRRRR,1
GTKMIFVGIKKKEERADLIAYLKKA,1
GWTLNPAGYLLGKINLKALAALAKKIL,1
GWTLNSAGYLLGKFLPLILRKIVTAL,1
GWTLNSAGYLLGKINLKAPAALAKKIL,1
GWTLNSAGYLLGPHAVGNHRSFSDKNGLTS,1
GWTLNSKINLKALAALAKKIL,1
GYGNCRHFKQKPRRD,1
GYGRKKRRGRRRTHRLPRRRRRR,1
GYGYGYGYGYGYGYGYKKRKKRKKRKKRKQQKQQKRRK,1
HALAHKLKHLLHRLRHLLHRHLRHALAH,1
HEHEHEHEHEHEHEHEEFGGGGGYGRRRRRRGGGGGG,1
HEHEHEHEHEPEGPLA,1
HFAAWGGWSLVH,1
HHHHHHESGGGGSPGRRRRRRRRRRR,1
HHHHHHHHHHHHHHHHHHHHRRRRRRRRRRRRRRR,1
HHHHHHHHHHHHRRRRRRRRRRRRRRR,1
HHHHHHTKRRITPKDVIDVRSVTTEINT,1
HILPWKWPWWPWRR,1
HIQLSPFSQSWR,1
HPGSPFPPEHRP,1
HQHKPPPLTNNW,1
HRHIRRQSLIML,1
HRLRHALAHLLHKLKHLLHALAHRLRH,1
HSDAVFTDNYTALRKQMAVKKYLNSILNYGRKKRRQRRR,1
HSDGIFTDSYSRYRKQMAVKKYLAAVLGKRYKQRVKNK,1
IAWVKAFIRKLRKGPLG,1
IKIKIKIKIKIKIKIKKLAKLAKLAKLAKLAKLAKKIK,1
IPLVVPLRRRRRRRRC,1
IPSRWKDQFWKRWHY,1
IRQRRRR,1
ISFDELLDYYGESGS,1
ISFRRRRRRRRELLDYYSSSSSESGS,1
ISFRRRRRRRREWLQAYSSSSSEDE,1
IWRYSLASQQ,1
IYLATALAKWALKQGFGGRRRRRRR,1
KAFAKLAARLYRKALARQLGVAA,1
KALAALLKKWAKLLAALK,1
KALKKLLAKWLAAAKALL,1
KALKLKLALALLAKLKLA,1
KCCKWRWRCK,1
KCFMWQEMLNKAGVPKLRCARK,1
KCFQWQRNMRKVRGPPVSCIKR,1
KCGCRWRWKCGCKK,1
KCPSRRPKR,1
KCRKKKRRQRRRKKLSECLKRIGDELDS,1
KCRKKKRRQRRRKKPVVHLTLRQAGDDFSR,1
KETWWETWWTEWSQPGRKKRRQRRRPPQ,1
KETWWETWWTEWSQPKKKRKV,1
KETWWETWWTEWSQPKKKRKVC,1
KFFKFFKFFK,1
KFLNRFWHWLQLKPGQPMY,1
KGSKKAVTKAQKKDGKKRKRSRKESYSVYVYKVLKQ,1
KHHWHHVRLPPPVRLPPPGNHHHHHH,1
KHKALHALHLLALLWLHLAHLAKHK,1
KHKHKHKHKHKHKHKHKHKKLFKKILKYL,1
KHKLLHLLHLLALLWLHLLHLLKHK,1
KIAAKSIAKIWKSILKIA,1
KIAKLKAKIQKLKQKIAKLK,1
KITLKLAIKAWKLALKAA,1
KKAAQIRSQVMTHLRVI,1
KKALLAHALHLLALLALHLAHALKKA,1
KKALLALALHHLAHLALHLALALKKA,1
KKDGKKRKRSRKESYSVYVYKVLKQ,1
KKICTRKPRFMSAWAQ,1
KKKKKKGGFLGFWRGENGRKTRSAYERMCILKGK,1
KKKKKKNKKLQQRGD,1
KKWALLALALHHLAHLALHLALALKKAHHHHHH,1
KKWKMRRGAGRRRRRRRRR,1
KKWKMRRNQFWIKIQR,1
KLAAALLKKWKKLAAALL,1
KLAKLAKKLAKLAKGGRRRRRRR,1
KLAKLAKKLAKLAKGRKKRRQRRRP,1
KLAKLAKKLAKLAKNYRWRCKNQN,1
KLALKAAAKAWKAAAKAA,1
KLALKAALKAWKAAAKLA,1
KLALKLALKALKAALKLAGC,1
KLALKLALKWAKLALKAA,1
KLALQLALQALQAALQLA,1
KLFMALVAFLRFLTIPPTAGILKRWGTI,1
KLGLKLGLKGLKGGLKLG,1
KLIKGRTPIKFGKADCDRPPKHSQNGMGK,1
KLLAKAAKKWLLLALKAA,1
KLLAKAALKWLLKALKAA,1
KLLKLLLKLWKKLLKLLKGGGRRRRRRR,1
KLPCRSNTFLNIFRRKKPG,1
KLTRAQRRAAARKNKRNTRGC,1
KLWMRWWSPTTRRYG,1
KLWMRWYSATTRRYG,1
KLWMRWYSPWTRRYG,1
KLWSAWPSLWSSLWKP,1
KMDCRPRPKCCKK,1
KMDCRWRPKCCKK,1
KMDCRWRWKCSKK,1
KMDRWRWKKK,1
KMDSRWRWKCCKK,1
KMDSRWRWKSSKK,1
KMTRAQRRAAARRNRWTARGC,1
KNAWKHSSCHHRHQI,1
KPRSKNPPKKPK,1
KRARNTEAARRSRARKLQRMKQGC,1
KRIHPRLTRSIR,1
KRIIQRILSRNS,1
KRIPNKKPGKKTTTKPTKKPTIKTTKKDLK,1
KRIPNKKPGKKTTTKPTKKPTIKTTKKDLKPQTTKPK,1
KRKRWHW,1
KRPAATKKAGQAKKKKL,1
KRPTMRFRYTWNPMK,1
KRRIRRERNKMAAAKSRNRRRELTDTGC,1
KRVSRNKSEKKRR,1
KSHAHAQKRIRRRLIILL,1
KSICKTIPSNKPKKK,1
KSTGKANKITITNDKGRLSK,1
KTIEAHPPYYAS,1
KTVLLRKLLKLLVRKI,1
KWCFAVCYAGICYAACAGK,1
KWCFRVCYRGICYRRCRGK,1
KWFETWFTEWPKKRKGGC,1
KWFKIQMQIRRWKNKR,1
KWFRVYRGIYRRRGK,1
KWSFRVSYRGISYRRSRGK,1
LAELLAELLAELGGGGRRRRRRRRR,1
LALALALALALALAKLAKLAKLAKLAKIKKIKKKIK,1
LALALALALALALALAKKLKKLKKLKKLKKLKKLKYAK,1
LAQLLAQLLAQLGGGGRRRRRRRRR,1
LCLRPVG,1
LDITPFLSLTLP,1
LDTYSPELFCTIRNFYDADRPDRGAAA,1
LGLLLRHLRHHSNLLANI,1
LGTYTQDFNKFHTFPQTAIGVGAP,1
LHHLLHHLLHLLHHLLHHLHHL,1
LIIFRILISHHH,1
LIIFRILISHKK,1
LIIFRILISHRR,1
LIKKALAALAKLNI,1
LILILILILILILILIKRKKRKKRKKRKKRAKRAKHSK,1
LIRLWSHLIHIWFQNRRLKWKKKGGC,1
LKKLAELAHKLLKLG,1
LKKLCKLLKKLCKLAG,1
LKRWGTIKKSKAINVLRGFRKEIGRMLNILNRRRR,1
LKTLATALTKLAKTLTTL,1
LKTLTETLKELTKTLTEL,1
LLETLLKPFQCRICMRNFSTRQARRNHRRRHRR,1
LLGDFFRKSKEKIGKEFKRIVQRIKDFLRNLVPRTESC,1
LLHILRRSIRKQAHAIRK,1
LLIILRRRIRKQAHAHSKNHQQQNPHQPPM,1
LLIILRRRIRRRARARSR,1
LLKKRKVVRLIKFLLK,1
LLKLLKKLLKLLKKLLKLL,1
LLKTTALLKTTALLKTTA,1
LLKTTELLKTTELLKTTE,1
LLRARWRRRRSRRFR,1
LLRHLRRHIRRARRHIRR,1
LLRILRRSIRRARRAIRR,1
LNVPPSWFLSQR,1
LPHPVLHMGPLR,1
LRHLLRHLLRHLRHLLRHLRHLLRHLLRH,1
LSTAADMQGVVTDGMASGLDKDYLKPDD,1
LTMPSDLQPVLW,1
LTRNYEAWVPTP,1
MAARLCCQLDPARDVLCLRP,1
MAMPGEPRRANVMAHKLEPASLQLRNSCA,1
MAMPGEPRRANVMAHKLEPASLQLRSCA,1
MANLGCWMLVLFVATWSDLGLCKKRPKP,1
MANLGYWLLALFVTMWTDVGLCKKRPKP,1
MAPQRDTVGGRTTPPSWGPAKAQLRNSCA,1
MDAQTRRRERRAEKQAQWKAANGC,1
MGLGLHLLVLAAALQGAWSQPKKKRKV,1
MHKRPTTPSRKM,1
MIAYRDLIS,1
MIIARDLIS,1
MIIFAIAASHKK,1
MIIFKIAASHKK,1
MIIFRAAASHKK,1
MIIFRDLISH,1
MIIFRIAAYHKK,1
MIIRRDLISE,1
MIIYADLIS,1
MIIYARRAEE,1
MIIYRAEISH,1
MIIYRALISHKK,1
MIIYRDAIS,1
MIIYRDLISKK,1
MIIYRIAASHKK,1
MLLLTRRRST,1
MPKKKPTPIQLNP,1
MRRIRPRPPRLPRPRPRPLPFPRPGGCYPG,1
MTPSSLSTLPWP,1
MVKSKIGSWILVLFVAMWSDVGLCKKRPKP,1
MVRRFLVTLRIRRACGPPRVRV,1
MVRRFLVTLRIRRACGPPRVRVFVVHIPRLTGEWAAP,1
MVTVLFKRLRIRRACGPPRVKV,1
NAKTRRHERRRKLAIERGC,1
NHQQQNPHQPPMLLIILRRRIRKQAHAHSK,1
NIENSTLATPLS,1
NKPILVFY,1
NKRILIRIMTRP,1
NNNAAGRKRKKRT,1
NRHFRFFFNFTNR,1
NSGTMQSASRAT,1
NTCTWLKYHS,1
NTGTWLKYHS,1
NYQRRCKNQN,1
NYQWRCKNQN,1
NYRRRCKNQN,1
NYTTYKSHFQDR,1
PIRRRKKLRRLK,1
PKKKRKVALWKTLLKKVLKA,1
PKKKRKVRRRRRRRPQMQQNVFQYPGAGMVPQGEANF,1
PKKKRKVRRRRRRRYSQTSHKLVQLLTTAEQQ,1
PKKKRKVWKLLQQFFGLM,1
PLSSIFSRIGDP,1
PNTRVRPDVSF,1
PPHNRIQRRLNM,1
PPKKSAQCLRYKKPE,1
PPRLRKRRQLNM,1
PQNRLQIRRHSK,1
PSKRLLHNNLRR,1
PSSSSSSRIGDP,1
QAASRVENYMHR,1
QPIIITSPYLPS,1
QQHLLIAINGYPRYN,1
QRIRKSKISRTL,1
QSPTDFTFPNPL,1
RARARARARARARARARARARARARARARARA,1
RFTFHFRFEFTFHFEGGGRRRRRRR,1
RGDGPRRRPRKRRGR,1
RGDRGDRRDLRLDRGDLRC,1
RGDRLDRRDLRLDRRDLRC,1
RGERGERRELRLERGELRC,1
RGERLERRELRLERRELRC,1
RGGRLAYLRRRWAVLGR,1
RGGRLSSYSRRRFSTSTGR,1
RGPRRQPRRHRRPRR,1
RGRGRGRGRGPEGPLA,1
RGSRRAVTRAQRRDGRRRRRSRRESYSVYVYRVLRQ,1
RHHLRHLRRHLRHLLRHLRHHLRHLRRHLRHLL,1
RHHRRHHRRHRRHHRRHHRHHR,1
RHNFRFFFNFRTNR,1
RHVYHVLLSQ,1
RIFIGC,1
RIFIHFRIGC,1
RIFIRIGC,1
RIKAERKRMRNRIAASKSRKRKLERIARGC,1
RILQQLLFIHFRIGCRHSRI,1
RIMRILRILKLAR,1
RIRMIQNLIKKT,1
RKARRQRRR,1
RKKAAA,1
RKKARQRRR,1
RKKRAQRRR,1
RKKRRARRR,1
RKKRRQRRRGGGKLLKLLLKLLLKLLK,1
RKKRRQRRRHRRKKR,1
RKKRRQRRRPPQCAAVALLPAVLLALLAP,1
RKKRRRESRKKRRRESC,1
RKKRRRESRRARRSPRHL,1
RKKRRRESWVHLPPPVHLPPPGGHHHHHH,1
RKKWFW,1
RKLTTIFPLNWKYRKALSLG,1
RKSSKPIMEKRRRAR,1
RLALRLALRALRAALRLA,1
RLFMRFYSPTTRRYG,1
RLHHRLHRRLHRLHRRLHRLHHRLHRRLH,1
RLHLRLHLRHLRHHLRLH,1
RLIMRIYAPTTRRYG,1
RLLMRLYSPTTRRYG,1
RLLRLLLRLWRRLLRLLR,1
RLLRLLRRLLRLLRRLLRC,1
RLRLRLRLRLRLRLRLKNNKNNKNNKNNKKKKKKKGYK,1
RLRLRLRLRLRLRLRLKRLKRLKRLKRLKKKKKKKGYK,1
RLSGMNEVLSFRWL,1
RLVMRVYSPTTRRYG,1
RLWARWYSPTTRRYG,1
RLWMRAYSPTTRRYG,1
RLWMRWASPTTRRYG,1
RLWMRWYAPTTRRYG,1
RLWMRWYSPATRRYG,1
RLWMRWYSPRTRAYG,1
RLWMRWYSPTTARYG,1
RLWMRWYSPTTRRAG,1
RLWMRWYSPWTRRWG,1
RLWRALPRVLRRLLRP,1
RLYMRYYSPTTRRYG,1
RNRSRHRR,1
RPARPAR,1
RQARRNRRRALWKTLLKKVLKA,1
RQGAARVTSWLGRQLRIAGKRLEGRSK,1
RQIKIFFQNRRMKFKK,1
RQIKIQFQNRRKWKK,1
RQIKIWFQNMRRKWKK,1
RQIKIWFQNRRMKWKKDIMGEWGNEIFGAIAGFLG,1
RQIKIWFQNRRMKWKKLRKKKKKH,1
RQIKIWFQNRRMKWKKRQIKIWFQNRRMKWK,1
RQIKIWFQNRRMKWKKTYADFIASGRTGRRNAI,1
RQIRIWFQNRRMRWRRC,1
RQPKIWFPNRRMPWKK,1
RQRSRRRPLNIR,1
RRARRPRRLRPAPGR,1
RRGRRG,1
RRHLRRHLRHLRRHLRRHLRHL,1
RRIPNRRPRR,1
RRKLSQQKEKK,1
RRLSYSRRRF,1
RRQRRTSKLMKR,1
RRRQKRIVVRRRLIR,1
RRRQRRKKRGYCKCKYGRKKRRQRRR,1
RRRQRRKRGGDIMGEWGNEIFGAIAGFLG,1
RRRRNRTRRNRRRVRGC,1
RRRRRRRGGIYLATALAKWALKQGF,1
RRRRRRRGGKLAKLAKKLAKLAK,1
RRRRRRRQIKILFQNRRMKWKKGGC,1
RRRRRRRRRGPGVTWTPQAWFQWV,1
RRRRRRRRRRRRRRRRGC,1
RRRRRRRRRRRTYADFIASGRTGRRNAI,1
RRRRWWWWRRRR,1
RRVWRRYRRQRWCRR,1
RRWFRRWRR,1
RRWRRWNRFNRRRCR,1
RRWRRWWRRWWRRWRR,1
RSRGRLRRGAIRLQRG,1
RSVTTEINTLFQTLTSIAEKVDP,1
RTLVNEYKNTLKFSK,1
RVIRVWFQNKRCKDKK,1
RVIRWFQNKRSKDKK,1
RVREWWYTITLKQES,1
RVRILARFLRTRV,1
RVRVFVVHIPRLT,1
RWRRWRRWRRWR,1
SAETVESCLAKSH,1
SATGAPWKMWVR,1
SFHQFARATLAS,1
SGRGKQGGKARAKAKTRSSRAGLQFPVGRVHRLLRKGC,1
SHAFTWPTYLQL,1
SHNWLPLWPLRP,1
SKKKKTKV,1
SLGWMLPFSPPF,1
SMLKRNHSTSNR,1
SNPWDSLLSVST,1
SPMQKTMNLPPM,1
SRRARRSPRESGKKRKRKR,1
SRRARRSPRHLGSG,1
SRRKRQRSNMRI,1
SRWRWKSCKK,1
SSSIFPPWLSFF,1
SWAQHLSLPPVL,1
SWLPYPWHVPSS,1
SWWTPWHVHSES,1
SYIQRTPSTTLP,1
TAKTRYKARRAELIAERRGC,1
TAMRAVDKLLLHLKKLFREGQFNRNFESIIICRDRT,1
TLPSPLALLTVH,1
TPKTMTQTYDFS,1
TPWWRLWTKWHHKRRDLPRKPEGC,1
TRQARRNRRRRWRERQRGC,1
TRRNKRNRIQEQLNRK,1
TRRQRTRRARRNRGC,1
TRRSKRRSHRKF,1
TRSSRAGLQWPVGRVHRLLRKGGC,1
TSHTDAPPARSP,1
TSPLNIHNGQKL,1
TVDNPASTTNKDKLFAVRK,1
VELPPPVELPPPVELPPP,1
VGALAVVVWLWLWLWAGSGPKKKRKVC,1
VHLPPPVHLPPPVHLPPP,1
VIRVHFRLPVRTV,1
VKLPPPVKLPPPVKLPPP,1
VKRFKKFFRKLKKLV,1
VKRFKKFFRKLKKSV,1
VKRGLKLRHVRPRVTRMDV,1
VKRKKKPALWKTLLKKVLKA,1
VLGQSGYLMPMR,1
VNADIKATTVFGGKYVSLTTP,1
VQAILRRNWNQYKIQ,1
VQLRRRWC,1
VRLPPPVRLPPPVRLPPP,1
VSKQPYYMWNGN,1
VTPHHVLVDEYTGEWVDSQFK,1
WEAALAEALAEALAEHLAEALAEALEALAA,1
WEAKLAKALAKALAKHLAKALAKALKACEA,1
WEARLARALARALARHLARALARA,1
WEARLARALARALARHLARALARALRACEA,1
WELVVLGKLYGRKKRRQRRR,1
WIIFKIAASHKK,1
WIIFRALISHKK,1
WIIFRIAATHKK,1
WKARRQCFRVLHHWN,1
WKCRRQAFRVLHHWN,1
WKCRRQCFRVLHHWN,1
WLKLLKKWLKLWKKLLKLW,1
WLRRIKAWLRRIKALNRQLGVAA,1
WRFKAAVALLPAVLLALLAP,1
WRFKKSKRKV,1
WRFKWRFKWRFK,1
WRWKKKKA,1
WRWRWRWRWRWRWR,1
WWWWRRRRRRRR,1
YARAAARQARAKALARQLGVAA,1
YAREARRAARR,1
YARKARRAARR,1
YARVRRRGPRR,1
YGDCLPHLKLCKENKDCCSKKCKRRGTNIEKRCR,1
YGRGGRRGRRR,1
YGRKKRPQRRR,1
YGRKKRRQRRRAYFNGCSSPTAPLSPMSP,1
YGRKKRRQRRRGCYGRKKRRQRRRG,1
YGRKKRRQRRRGLFGAIAGFIENGWEGMIDGWYG,1
YGRKKRRQRRRGTALDWSWLQTE,1
YGRKKRRQRRRGTSSSSDELSWIIELLEK,1
YGRKKRRQRRRQRRRPTAPLSPMSP,1
YGRKKRRQRRRSVYDFFVWL,1
YGRKKRRQRRTALDASALQTE,1
YGRRARRAARR,1
YGRRARRRARR,1
YIVLRRRRKRVNTKRS,1
YKALRISRKLAK,1
YKQSHKKGGKKGSG,1
YNNFAYSVFL,1
YPRAARRAARR,1
YPYDANHTRSPT,1
YQKQAKIMCS,1
YRDRFAFQPH,1
YRFKYRFKYRLFK,1
YRQSHRRGGRRGSG,1
YRRAARRAARA,1
YSHIATLPFTPT,1
YSSYSAPVSSSLSVRRSYSSSSGS,1
YTAIAWVKAFIRKLRK,1
YTFGLKTSFNVQYTFGLKTSFNVQ,1
YWLKLLKKWLKLWKKLLKLW,1
YYYAAGRKRKKRT,1
NHQQQNPHQPPM,1
GWTLNSAGYLLGKINLKALAALAKKIL,1
RRIRPRPPRLPRPRPRPLPFPRPG,1
KDCERRFSRSDQLKRHQRRHTGVKPFQK,1
ACRGRGRGCGSGSRSCG,1
ACRGRGRRCGSGRRSCG,1
RGGRLSYSRRRFSTSTGRA,1
GRKKRRERRRPPERKCX,1
KALAKALAKLWKALAKAA,1
RQPKIWFPNRRKPWKK,1
LLIILRRRIARKQAHAHSK,1
KRIPNKKPGKKTTTKPTKKPTIKTTKK,1
KRPAAIKKAGQAKKKK,1
SQMTRQARRLYBGC,1
YKQCHKKGGXKKGSG,1
HGWZIHGLLHRA,1
AVPAKKRZKSV,1
AADHDVGSELPPEGVLGALLRV,0
AAEFPDFYDSEEQMGPHQEA,0
AALKGCWTKSIPPKPCSGKR,0
AAPGGKTTHILEVAPEAQVV,0
AATAATPATAATPATAARA,0
ACAAHCLLRGNRGGYCNGKG,0
ACHAHCQSVGRRGGYCGNFRMTCYCY,0
ACLGEG,0
ADASAGPAMTAEQCAQAIANGREV,0
ADDDIPFMSDYDETALVCDN,0
ADDSDPVGGEFLAEGGGVR,0
ADLEKLTGKQVQLNILEV,0
ADSTNHLSNRTGVFCVV,0
ADTIYPFTQAENVWLPNKNDIIEK,0
ADTNAPICLCDEPGVLGR,0
ADVPVFYLPYFNFP,0
AEIMQPPLLNGFRPRRDLCVIRDRGCAPIAWHLVWT,0
AEPGADDAEEVEQKQLQ,0
AFDHYGFTGGL,0
AFDSLAGSGFDNGFN,0
AFTGELPNGDQYYGFPAENDALKIGKHNGGQV,0
AGETHTVMINHAGRGAPKLVVGGKKLS,0
AGFAAQAAASLAPVAAQQL,0
AGNLSECFWKYCV,0
AHGVPVGGELDYLDEGTLAAALRARTVIM,0
AHQIEPICIGSLETPTSTANVVLCMAKPLSISS,0
AIEWEGIESGSVEQA,0
AIFIFIRWLLKLGHHGRAPP,0
AIGNILKTLGNLAQKILGK,0
AINPWSPKRS,0
AIRAPQLRLRF,0
AKKELCTCQQPKHLKYIEKGLQKAKDYAT,0
AKWKEDVIKLCSRELVRTQIAICG,0
AKYIADLDTFF,0
ALCCYGYRFCCPNFR,0
ALFEESTVSAEPR,0
ALNSVAYERSVMQDYE,0
ALPKKLKYLNLFNDGFNYMGVV,0
ALQTLPAMCNVY,0
ALWKDMLSGIGKLAGQAALGAVKTLV,0
ALWKTLLKGAGKVFGHVAKQFLGSQGQPES,0
ANAATYTTGLTAASFTS,0
ANHSFM,0
ANNTFTAT,0
ANQYFGTAPFYRKRKAFETPSSGKMTHVRFDYSK,0
ANSGKQDLRSTVAMQYDQTTTFAAKLK,0
APEESPKRAPSGFLGVR,0
APFFVKYGN,0
APGDRIYVHPF,0
APGHINPFIGFTAILCIAIGAGASGAL,0
APNVGALHNVLGRLRTAGKYHWVKD,0
APPPPAPCFSQVAS,0
APYQRDNFILRQ,0
AQMRRL,0
ARAVLYLAQGTFGECDSEVDVLHWSRYN,0
ARCENFADSYRQPPISSSQT,0
AREENLGITKDFLTFMKRLFCNPIYMLFIL,0
ARGGSSI,0
ARHPHPHLSFM,0
ARLRITLSATHDDDALDALL,0
ARSILSKSSSKGGSSN,0
ASCEYTQTTSRH,0
ASEDALFGTMRF,0
ASHAMI,0
ATGKPHTLWVA,0
ATLGNLALPFLARNT,0
AVDLAKIANIANKVLSSLFGK,0
AVINSKTGLWKVTRNLDDDD,0
AVLDFIKAAGKGLVTNIMEKVG,0
AVNIPFKVKFRCKAAFC,0
AVPAVRKTNETLD,0
AWICGNMTCGHANMPYMAIYGFAVLSW,0
AWLDKLKSLGKVVGKVALGVAQNYLNPQQ,0
AWQCYKCRQDICWQSSKIN,0
AYDYETPRNDP,0
AYFKFQENRPPFPPEDWVMFLGL,0
AYIFHPRKRPKENWMVAHDRDC,0
AYPGNGVHCGKYSCTVDKQTAIGNIGNNAA,0
CAETCIYIPCFTEAVGCKCKDKVCYKN,0
CAQAEYSRIWYDTLIE,0
CCKVQCESCTPCC,0
CCPGWELCCEWDDGW,0
CCSQDCLVCIPCCPN,0
CFKKDMHKVETYL,0
CGETCVTGTCYTPGCACDWPVCKRD,0
CGETCVVDTRCYTKKCSCAWPVCMRNSLAG,0
CGETCVVLPCFIVPGCSCKSSVCYFNSLDN,0
CHRRDSHKIDNYFKVLKCRLIHDSNC,0
CKGKGAPCTRLMYDCCHGSCSSSKGRC,0
CKGKGQSCSKLMYDCCTGSCSRRGKC,0
CKQNVLHPNKHCKCNSE,0
CKSKGAKCSKLMYDCCSGSCSGTVGRC,0
CLAITLYDDKTPASDPTICTY,0
CLAYVWATPYTSNTESRRGNSSDHKQ,0
CLGSGEQCVRDTSCCSMSCTNNICF,0
CLRIGMRGRELMGGIGKTM,0
CQTRYNLAPNAWAKV,0
CRDRCVWQTTCVTCGNPAVKDQ,0
CSFWIGHEPSNIFSNTNETTFSCH,0
CSSCFCLCCPRHRPVSRLAAVVGGAAAV,0
CTCFTYKDKECVYYCHLDIIWINTP,0
CTWLGARMRWQNDQKND,0
CVMFLSFTMHLMFGSCLEWWVNL,0
CYESMACWHHMEKNVLYERHLSQWLP,0
CYVQLFTRDKAVTENKYNFKIVQWYPMV,0
DAFQHVQFNHLTVYNIDHYFS,0
DAKWHMKGINN,0
DCCHNTQLPFIYKTCPEGCNL,0
DCCPAKLLCCNP,0
DCHVHMWSDYFDFMFK,0
DCLPDWFHYEGHCYRVFDEPKKWADAEKFC,0
DCLPGWSVYEGRCYKVFNQKTWKAAEKFC,0
DCSTFLRTSETGIVDQVMVTLNQEGYKFCKIRVR,0
DDASDRAKKFYGLM,0
DDGVVWMNWKGSWYSMKKMSMKIRPFFPQQ,0
DDKTCSMQACN,0
DDLRINLWNFEITNQSFNIADIKPANMEELTE,0
DEATVFGLWPLCSYRMLPF,0
DEEAMENMG,0
DFDMLRCMLGRVYRPCWQV,0
DFHAVIGQETRAQA,0
DFIDWVDNMWPR,0
DFREVSIGELTI,0
DGCSNAGAFCGIHPGLCCSEICIVWCT,0
DGKLYKMTHFRWSEGS,0
DGNNLYC,0
DGQITPNEAFQNAL,0
DGSVDFKKNWIQYKEGFGHLSPTG,0
DHLPHDVYSPRL,0
DIDITGCSACKYAAG,0
DIILPDGSVKQY,0
DISEAPIGPRSVVATSPDKLGECQWELE,0
DKFENMGAQMVKEVSSQTSD,0
DLGADSLDTVELVMAFEEE,0
DLIYIDP,0
DLQDIIAI,0
DLWNSIKDMAAAAGRAALNAVTGMVNQ,0
DMDEETFFDQVKWSLWATQCITKFQCEPEAKDFKCEL,0
DMTTKFMTDPVRVLVKRDELTLEGIKQYFIAVEK,0
DNLDLIVFKYQVNWYFSF,0
DNNEINLNIKVTDFGLAV,0
DNTVTSKPLNCMNYFWKSRTAC,0
DQLAAADKKDSNLIGQFGVGFYS,0
DSEEAIRYRQEVYVRETSPLIEVYRERGLLVEV,0
DSLSFSYNNFEEDD,0
DSNGAAANAVRLSLDSITQRWDNLVARIE,0
DSSNLPPNQKQIVD,0
DTEPFNIKREESPDCPDRLMHGRW,0
DTHISEKIIDCNDIG,0
DTNFPICLFCCKCCKNSSCGLCCIT,0
DTSQHFHWPSQTCFHGYEWNAVYVEQWHPPI,0
DVDFNSESTRRKNKQKEIVDLHNSLKKTV,0
DVDGFPTSQATSPEPGKKDEEAKAPFKSTLFH,0
DVLKKIGTVALHAGKAALGAVADTISQ,0
DWFNLIQYDMFWDLADCES,0
DWTAWSALVAAACSVELL,0
DYDPRTEAPRRLPADDDEVDGEDRV,0
DYDVMLFFIWDYP,0
DYVKHSDTFQDTREAT,0
EAQKTSPSLCPESQASGPPVLEPQGAG,0
EDFLQAMEYAMPPTGGLGMGVDRVVMMITGRSIR,0
EDMAPAGAGALMAMLEKRRAAL,0
EEDAAFILKWYSYEK,0
EEEESRPRKLCGRHLLIEVIKLCGQSDWS,0
EEKMGFAKKCCAIGCSTEDFRMVC,0
EFTHNHTVGDLTWD,0
EGGGPQWAVGHFM,0
EGLLSEMLPQHAAKMNLML,0
EGVEMVKKNLEKWL,0
EIDELVGLVNERGKVTLSYASIEEI,0
EIEAPQAVLPN,0
EKLLGQLRTDLTMNKIIVGLSGGVDSSTAAAILH,0
ELGQPMHAFDLET,0
EPTWNNLKGMW,0
EQTNMRKHMGM,0
ERGLLHSSQLPLDVYDLTMP,0
ERVMKSRHRMA,0
ESHINQKWVCK,0
ESIFGVKVDKVNIMNYKGKSKRVGRYTGMTSR,0
ESLYPGKGIKNAGREVEVIYV,0
ESPDKYEGFILGMK,0
ETCMRINPASMSITKFTHESCSHYYE,0
EVGRALANLTDATTIIGGGDSTAAAK,0
EVILEGEDV,0
EVQLNKLFIPTQ,0
EVRAGDIAAAVGLKEATTGDTLCDPGKVII,0
EWKLPDLIINHITLTRRNCNKYRCG,0
EYDDMYTEKRPKVYAFGL,0
EYGFKTYAVLGGATG,0
EYLRSQNLALGGSVENAIVVDENRVLN,0
FAVDNGY,0
FDIPMTRWVSRWNQ,0
FEVLMQFLYTDKIKYPRKGHV,0
FFGHLFKLATKIIPSLFQ,0
FFGHLYRGITSVVKHVHGLLSG,0
FFGTALKIAANVLPTAICKILKKC,0
FFHHIFRGIVHVGKTIHKLVTGG,0
FFNDLVEFMTSGPVVVMVLEGENAVAKNRELM,0
FFPLLFGALSSHLPKLF,0
FFPMLAGVAARVVPKVICLITKKC,0
FFPNVASVPGQVLLKKIFCAISKKC,0
FHMQRNWEGWERGAW,0
FIFHIIKGLFHAGKMIHGLVTRRRH,0
FIGALLGPLLNLLK,0
FIGAVAGLLSKIF,0
FIGPLISALASLFKG,0
FIITGLVRGLTKLF,0
FIPLVSGLFSRLL,0
FKAPYNIHWHCKPGLLC,0
FKVQNQHGQVVKIFHH,0
FLAGLIGGLAKML,0
FLGALFKVASKVLPSVFCAITKKC,0
FLGALIKGAIHGGRFIHGMIQNHHG,0
FLGGILNTITGLL,0
FLGMIPGLIGGLISAFK,0
FLGRVLPPTRATASTHRSRL,0
FLGVVFKLASKVFPAVFGKV,0
FLIQMYMHSGLHDM,0
FLKPLFNAALKLLP,0
FLPAVIRVAANVLPTAFCAISKKC,0
FLPAVLRVAAKVGPAVFCAITQKC,0
FLPFIAGMAANFLPKIFCAISKKC,0
FLPFLAKILTGVL,0
FLPFLIPALTSLISSL,0
FLPGLIAGIAKML,0
FLPKMSTKLRVPYRRGTKDYH,0
FLPLAIGLLGKLFG,0
FLPLFLPKIICVITKKC,0
FLPLLAGVVANFLPQIICKIARKC,0
FLPLVTMLLGKLF,0
FLPMLAKLLSGFLGK,0
FLPVILPVIGKLLNGILGK,0
FLPVLAGIAAKVVPALFCKITKKC,0
FLPVLARLAVKFLPSIVCAATKKC,0
FLRFIGSVIHGIGHLVHHIGVAL,0
FLSAITSLLGKLL,0
FLSFLLGPLIDLISKG,0
FLSLLPSIVSGAVSLAKKLG,0
FLSTIWNGIKSLL,0
FMGGLIKAATKIVPAAYCAITKKC,0
FNCFLELPEVLHGKKFLKVDEATREDMLMS,0
FNVWTEYEGNRAEFH,0
FPCKADICTDVS,0
FPPPGESAVDMSFFYALSNP,0
FRPALIVRTKGTRL,0
FSETIPAPTSKNEAQQKS,0
FTMKKSLFLILFLGAIPLSMC,0
FVEVETPTLTRSTPEGARDFLVPSRLQPGSF,0
FVPLLVSKLVCVVTKKC,0
FVQWFSKFLGRILG,0
FVSRHLCGSNLVETLYSVCQDDGFFYIPKD,0
FWGHIWNAVKRVGANALHGAVTGALS,0
GAFGDLLKGVAKEAGLKLLNMAQCKLSGNC,0
GAVESAAAQPVSTIV,0
GCCGSFACRFGCVPCCV,0
GCCPFPACTHTIICRCC,0
GCCSDPRCRYRC,0
GCCSHPACNVNNPHICG,0
GCCSTPPCAVLYC,0
GCIGRNESQKKDNVYKFKE,0
GDKYPAPSGVPQHMCPNEAMPDCSAESS,0
GDRDGNPYVTAQVTKEVLDHGRWMALDLYGRDL,0
GFFDRIKALTKNVTLELLNTITCKLPVTPP,0
GFFGKMKEYFKKFGASFKRRFANLKKRL,0
GFFTLIKAANKLINKTVNKEAGKGGLEIMA,0
GFGMLFKFLAKKVAKKLVSHVAQKQLE,0
GFGSFLGKALKAALKIGANVLGGAPQQ,0
GFKDWIKGAAKKLIKTVAANIANQ,0
GFLDKLKKGASDFANALVNSIKGT,0
GFLSILKKVLPKVMAHMK,0
GFMDTAKNVAKNVAVTLIDKLRCKVTGGC,0
GFMFAPKFHPAMRYAGPVRREIGIRTIFNV,0
GGAGEPLAFSPDMLSLRF,0
GGAGHVPEYFVGIGTPISFYG,0
GGCRIGPITWVCGG,0
GGFVSQITRGVYLK,0
GGQMPLYRRLPKFGFTSRKAMIT,0
GGSCHFGGCPFHLVKVGRCFGFRSCC,0
GGTYSCHFGPLTWVCKPQGG,0
GHDFDQDDVNSSGEKDESLVRI,0
GHHPHGHHPHGHHPHGHHHPH,0
GHTTCTPTSYENKYWYRYEQEPADDE,0
GIACGESCVFLGCFIPGCSCKSKVCYFN,0
GIFSTVFKAGKGIVCGLTGLC,0
GIGAILKVLATGLPTLISWIKNKRKQ,0
GIGGKPVQTAFVDNDGIYD,0
GIGKFLKKAKKGIGAVLKVLTTGL,0
GILDVAKTLVGKLRNVLGI,0
GILGKLWEGFKSIV,0
GIMDSVKGLAKNLAGKLLDSLKCKITGC,0
GIVEQCCDTPCSLYDPENYCN,0
GIVEQCCTSICSLYQLENYCN,0
GKCGEINGSCDECYGGSVTCDCY,0
GKLGWMITKRRIELTMYSHYR,0
GKLQAFLAKMKEIAAQTL,0
GKYNLSLLSTEEEIEIIKLLAAWTKTLEASVKYF,0
GLADFLNKAVGKVVDFVKS,0
GLEESPGHPGQPGPPGPPGAPGP,0
GLFDIIKKVASVVGLASQ,0
GLFDIIKNIVSTL,0
GLFDIVKKVVGTIAGLG,0
GLFGKLIKKFGRKAISYAVKKARGKH,0
GLFLDTLKGLAGKLLQGLKCIKAGCKP,0
GLFLDTLKKFAKAGMEAVINPK,0
GLFTLIKCAYQLIAPTVACN,0
GLGDILGLLGL,0
GLGSVFGRLARILGRVIPKV,0
GLISGLLGVGKMLVCGLSGLC,0
GLLDFVTGVGKDIFAQLIKQI,0
GLLGGLLGPLLGGGGGGGGGLL,0
GLLSGVLGVGKKVDCGLSGLC,0
GLLSKVLGVGKKVLCGVSGLC,0
GLLSTAAGVQRASAKSTLAIV,0
GLPVCGETCFGGRCNTPGCTCSYPICTRN,0
GLRSKIWLWVLLMIWQESNKFKKM,0
GLTPNMNSLFF,0
GLVPNLLNNLGL,0
GLVSSIGRALGGLLADVVKSKGQPA,0
GLWNKIKEAASKAAGKAALGFVNEMVG,0
GLWQKIKNAAGDLASGIVEGIKS,0
GLWSKIKDVAAAAGKAALGAVNEALGEQ,0
GMATKAGTALGKVAKAVIGAAL,0
GMDIRFHTL,0
GNGVVLTLTHECNLATWTKKLKCC,0
GNNRPVYIPQPRPPHPRI,0
GNTAWNGNEAFLLVICIKYILDIIGYKNMSLSKE,0
GNTKKAVPGFYGTR,0
GPGSAICNMACRLEHGHLYPFCNCD,0
GPRPPGFSPFRGKFHSQS,0
GPSKTNLDLNNHPYDDPSDYYESVRVVTVKGGPIYN,0
GPYGGGGLVGALLG,0
GQGFDDMMSICYIAMLC,0
GQLELFSKMSR,0
GRGARRYCGRVLADTLAYLCPEMEEVE,0
GRGILPTPS,0
GRILSFIKGLAEHL,0
GRMLLI,0
GRRKRKWLRRIGKGVKIIGGAALDHL,0
GRVRDQIMLSLGG,0
GSAFCGETCVLGTCYTPDCSCTALVCLKN,0
GSDRVSNSDFVTM,0
GSLTGLISMPRT,0
GSSFLSPEFKKIQQQNDPTKTTAKIH,0
GSSGLIPFGRT,0
GSSGMIPFPRV,0
GSSSMATVCGSSLALMHAGVP,0
GTLPCESCVWIPCISSVVGCSCKSKVCYKN,0
GTTPGYSYSAANKNMAVIWGENTLYDYL,0
GVLDAFRKIATVVKNLV,0
GVLDIFKDAAKQILAHAAEKQI,0
GVLSNVIGYLKKLGTGALNAVLKQ,0
GVSFHPRLKEKDDNSSGNSRKSNPK,0
GVVTDLLKTAGKLLGNLVGSLSG,0
GWASSIGSILGKFAKGGAQAFLQPK,0
GWFDVVKHIASAV,0
GWGSIFKHGRHAAKHIGHAAVNHYL,0
GWKDWLNKGKEWLKKKGPGIMKAALKAATQ,0
GWKKWFTKGERLSQRHFA,0
GWKSVFRKAKKVGKTVGGLALDHYLG,0
GWMSKIASGIGTFLSGIGQQG,0
GYINASAEGVSIRTGLELSRDPAGRMK,0
GYNPMQDPNFHTMGQ,0
HADGLFTSGYSKLLGQLSARRYLESLI,0
HADGRYTSDISSYLEGQAAKEFIAWLVNGR,0
HDHHLPEGNGEIMYKLIWCKKEANPGE,0
HGVSGHGQHGVHG,0
HIGPNPVYSAVSNTD,0
HIQLPCFTFMGSFQAYDHALRDRVIWT,0
HITSHGKYQIHPFHL,0
HLPPPVHLPPPV,0
HMYLAFPGGVHRA,0
HQCANHKKKIMMWSQKLNDLHRYDLWGGICSDAMMQLSP,0
HQKKHIEEMENLTVKDQQRMMYCTPCNNKEYWVATYLM,0
HSCVCRRICAARQVRKGRCSRRRRICCLY,0
HSDAVFTDNYTRLRKQMAVKKYLNSILN,0
HSEGTFSNDYSKYLETRRAQDFVQWLKNS,0
HSEYSYSFPDISSEMMIR,0
HVRGVAMNPVDHPHGGGEGRT,0
IAFSMHPGCWGHYKFLTWLDHQYKIQLQT,0
IAQSHPQRNDGDFTPM,0
IESYLNIPKEGNSKINF,0
IIDYYDEGEEDRDVGVVDAR,0
IIGAIAAALPHVINAIKNTFG,0
IIPLPLGYFAKKT,0
IKIMDILAKLGKVLAHVG,0
IKNGALANLVREIEM,0
IKNQAGDE,0
ILDICDHHGWNCYQKAYGDTIFPKEGAETPCWLK,0
ILGLLKGISALLS,0
ILGPVISTIGGVLGGLLKNL,0
ILGTILGLLKGL,0
ILHTLNLPLDMLAPYLDAKL,0
ILPEGFELAPP,0
ILPWKWPWWPWRR,0
ILSDSYNPDICVA,0
ILWILVLNAIVGVWQESNAEKALEALK,0
IMFKCWYNTKK,0
INLKAIAALARNY,0
INWKAIIEAAKQAL,0
INWLKLGKAIIDAL,0
IPDHAFAVKTLLEKLTSHEIIQSLDEIE,0
IPFVLNLDSPDSMYYGHDMFPNRMYRRLHS,0
IPPYCTIAPFGI,0
IRDECCSNPACRVNNPHVC,0
IRGQQQLRRPLVGDAGEGAG,0
IRKFAQQIPVKEGTWQMICEM,0
IRPRPTARPPYINRPPNPFKPRW,0
ISCQDVKQSLAPCLPYVTGRAPKPA,0
ITCQQVTSELGPCVPYLTGQGIP,0
IVAVLFLTACQFNAADDSRVRRNAEH,0
IVFYLLGSWFLS,0
IVQQCTSGICSLYQENYCN,0
IWRTCQDWWEIFEGW,0
IWWEEVSKRTGCRGYEI,0
KALLIKQNLKEGITVDQQDLFAYEKYKLLEFYAW,0
KCCMRPICMCPCCIGAG,0
KCQHRTPWKSFHKMFCQ,0
KCWIEEYFALKQPE,0
KEASKATQLPWFAIGGI,0
KEPEALEASPVEVRVAGRVMLKRVMGK,0
KFDMVAYVSEEDS,0
KGAAKGLLEVASCKLSKSC,0
KGPHTLPKCMYPIYGSSLYKGEHYHAWFPPQLY,0
KGTLHNECPEMFPELERFLWTNK,0
KIAWTPPMLQCTYGDWN,0
KIHPFAQTQSLVYP,0
KIITMAAKEGGLDPDMNPKLRTAILNAKAQNMP,0
KIKWFKTMKSIAKFIAKEQMKKHLGGE,0
KKAVRRQEAVDAL,0
KKDGYPVEYDRAY,0
KKHTLGEVWVQKTSEMNTD,0
KKKQYTSIHHGVVEVD,0
KKLFKKILKYL,0
KLEVANDALGALRLKLGKELNLIDESL,0
KLFNGNEVCLDPKEKWVQKVVQIFLK,0
KLSPSLGPVSKGKLLAGQR,0
KLVGQHNVANVLVVLALLTCAGIDYRKGLSALKS,0
KNRGTPKDE,0
KNRRTGDAVEVHIDNLQETIQSIYASFESMS,0
KPKCGLCRYRCCSGGCSSGKCVNGACDCS,0
KPNPERFYAPM,0
KPRADLTCWEHWVAKKFLC,0
KPSPDRFYGLM,0
KQEIKRHKLEQPSLLGQFKEADTAS,0
KQMTASMTRFEVCNVANQ,0
KQSVQDGYFVGPRGSIGSSLVANLIGI,0
KQVFSKTSGEFLRVAHREHTSHGYLARVISS,0
KRDYNADIVADIRKVKRGDTCPRCKK,0
KRGGAQYAPYWQETYLRSRK,0
KRRHWFPLSFQEFLEQLRRFRDQLPFP,0
KRYPELV,0
KSDLLGALLSRNSPSSYGLPSRDMSTAY,0
KSGQYFLPQFNTRKISIENY,0
KSPYSIDVNLLGRSI,0
KSSAYSLQMGATAIKQVKKLFKKWGW,0
KTSGDPIRRRNFVDKEDD,0
LAAAAAAKAARLAEKAMQASIESTGNL,0
LAKRADICQPGKTSQRACET,0
LATRPEKQKDPEFDKE,0
LDRQLSWNQTEWWRLCPFQ,0
LEEAGILRAGPGGPDQQWPTVSSAT,0
LEELEEELEGCE,0
LETPAPQVPARRLLPP,0
LFAKINGLKVGPLKIQIV,0
LFGFLIKLIPSLFGALSNIGRNRNQ,0
LGAWLAGKVAGTVATYAWNRYV,0
LGQGSFRPSQQN,0
LHKWDVQGYNDP,0
LHMEDSLKHRVVGQDH,0
LIGKTVAKEAGKTGLEFMACKITNQC,0
LIIAEERVAACMADF,0
LKKISQYYQKFAWPQYL,0
LKKYWDNGMTSLGSVCREKIEAVAT,0
LKLKDILGKIKVILSHLNK,0
LKLLKKLLKLLKKLGGGK,0
LKWGYMTAMESHA,0
LLGMIPLAISAISALSKL,0
LLKELWTKMKGAGKAVLGKIKGLL,0
LLNIEV,0
LLRHVVKILEKYL,0
LLVQYILPLVCLTVSHTS,0
LNDALSQLVGQQV,0
LNENLLRFFVAPFPEVFG,0
LNGNELERLAVGGDRVRKLSRR,0
LNLKALLAVAKKIL,0
LNNVERSMWKWLKVACKECCYACVH,0
LPAAFRLAAKIVPTVFCAISKKC,0
LPRVMCCPGVSLMRFMQ,0
LPYPVNCKTECECVMCGLGIICKQCYYQQ,0
LQDISRAGKNVFRNV,0
LRFGLYL,0
LRHWTPAEIRIPIYVMIIASVVSAVQMLINAYAF,0
LRQAKWIKPKVNQPSLCFN,0
LRTLLELARTQSQRERAEQNRIIFDSVGK,0
LSITEWRPVTGAVPPMSEAEWQ,0
LSKRHQDPAS,0
LVCAMIPMQTHFSR,0
LVYPIDIVNKAVNLYV,0
LYISRQGFRPA,0
MAASPRNSVLLA,0
MCFYMEDQVCNTCVQTVEG,0
MCWTHKIQRDKFECEFWRP,0
MDLGELVGMTPEIIQKL,0
MGHIVTKDKQ,0
MGMRLPNIIFL,0
MHQEYLQGLATNAGHPMSLTHHQWLPNPASDW,0
MHSSALLCCLVLLT,0
MHVERRECAYCLTINTTICAGYCMTR,0
MIASHLAFEKLSKLGSKHTML,0
MITGAAQMDGAILVVSGADGP,0
MKLNGGKSLDPTGLY,0
MKVFFLFAVLFCLVRRNSVHISHQEARGP,0
MKVSAAALAVILIATALCA,0
MKYLHDQWLTPEFRYYWIKVSWTLWKFSHKLSEMIL,0
MLAKEGRLPDAVIACVGGGSNAIGMFADFIDEKN,0
MMDDGTEPNVATVL,0
MMRDSGCFGRRLDRIGSLSGLGCNVLRRY,0
MMVKEELDFSETQIKRN,0
MNFLLSWVHWTLALLLYLHHAKW,0
MNKAYFCGCMCLSDKLQ,0
MPDTHLKG,0
MPPSGLRLLPLLLPLPWLLVLTP,0
MQFITDLIKKAVDFFKGLFGNK,0
MQKLQISVYIYLFMLIVAGPVDLNENSEQK,0
MRDVFMHLWYNKSIEFAYVRAKIEP,0
MRHLLGQSLTMYKVPELIFKRDQSV,0
MRHRNRVKKLGK,0
MRKEFHNVLSSGQLLADKRPARDYNRK,0
MRTWACLLLLGCGYLAFALAV,0
MSNRGASLKGLFLAVLLVSNTLLTKEGVT,0
MSPRPLAWALVL,0
MTDMWSLKICAWLGFLLLFKP,0
MTLHEAGTSMKSF,0
MTPPPLPARVDFSLAGALN,0
MVGFPYWKAYDLVMWGLMRH,0
MWHRNRGDGGRPETSSGRRRRLR,0
MWITNGGVANWYFVLAR,0
MYEGSYMSAMKPIDH,0
MYKIQLLSCIALTLALVANGAPTSSSTGNT,0
NALQNC,0
NCINGYAVRADQDFLA,0
NCPYCVVYCCPPAYCEASGCRPP,0
NCTLIA,0
NDSRHCRLLEGGLNEVNAQTVFQLQFFNYRNE,0
NDYMEHMCQGAFILMRAVHRM,0
NGARVSDMFRPSGDDFGDYSANWGDF,0
NGGTSGLFAFPRV,0
NGVCCGYKLCHPC,0
NGVYCTKNKCTVDWAKATTCIAGMSIGGF,0
NHKNFNKQAYPLWKNQV,0
NKIEITSIDECFIDATD,0
NKSMKTLRLNNVTLEMAAYQEESEPKR,0
NMFNQLVRKYLRQGYYGNKVILGHHPDN,0
NNLCVMRMDMSDWNF,0
NPELYQMNHFRWGQPPTHFKQ,0
NPFKELERAGQRVRDAIIS,0
NPGTPQHLCGSHLVDALYLVCGPTGFFYNP,0
NPKVAHCASQIGRSTAWGAVSGA,0
NPRWEFRGKFVGVR,0
NRWWQGVVPTVSYECRMNSWQHVFTCC,0
NSASIAAILTIIGY,0
NSELINSLLGIPKVMTDA,0
NSMERVEELRKKLQD,0
NSPLFGTDGIRGKAGELL,0
NTFTEALNPPFKEMLS,0
NTWVNKEVPWELKMN,0
NWRKILGKIAKVAAGLLGSMLAGYQV,0
NWTPQAMLYLKGAQ,0
PACGGFWISGRPG,0
PADWRGCKPSCPWGSSSWCNEECT,0
PAETPNSLDLTFNRRIMDTI,0
PAKGSVGASGDLAPLAHLSLTL,0
PAQPFRIKKRQGPFERP,0
PARVRPGEIVSTAGEVLGRHDGVH,0
PATRTLISYVLKFQILKA,0
PDERRQLNKIFLWDFCNSDSI,0
PDFKLPGMKYPIPATTPPFVPKRSRFPIYA,0
PDKMRWDKCRYYHDRYTTT,0
PEGHELCRPEAVEAEATLRAITIASA,0
PERGLWENIAYLDFRCHPADTKVIVKGKGV,0
PEVLEGASPTPASDVYS,0
PFFAFHDRDIAPEGSTLKETNQNLDIIVGMI,0
PFSLIPHAIGGLISAIK,0
PGCNEISNKLLIKFFATPH,0
PHQPFWFFAHCGATQLRMNGYEWW,0
PISSSSNVTEAIQTNITSVAAVAPSPPP,0
PKRKSATKGDEPA,0
PLLEEYYDPMYRYQL,0
PLQTYKELIKLYQAEEVSFKY,0
PLVQQQFLGQQQPFPPQ,0
PMIKFVIMNQCLVGFPLCLHKCPVFAH,0
PPEAAYGPGNTNSDSGDK,0
PPPPGGPQPRPPQG,0
PPVGVQAVALTHEAVRVSWADNSVPKNQKTSD,0
PRKQRRERTTFTRAQLDILEALFAKTRYPDIFMR,0
PRRSDAPQLRDEYRTYKLLAGCTGIPNVYY,0
PRRTNPDRDNKQPGWPGL,0
PSCVCSGFETSGIHFC,0
PSSTASSSLTSSPCSSPVLTKRLLGSSAS,0
PTMELGVRIDWIQDGCQ,0
PTRKLLAKNLATLYSIGDTFTVF,0
PTTPSTPAKSAQSSKHARRPSKQASAPSSPGTTS,0
PTVSPPEDSHTCVCFHQDNCTQC,0
PVADIKAIVTGKDCPHMKEKSA,0
PVKVYPNGVQEETSEGFPLEF,0
PVMSMPCTDG,0
PVPSLNVLNGGKH,0
PWGYIHHPVIFGFFSLDAEFRTFPKC,0
PYFMNKERWCVI,0
QADPNKFYGLM,0
QATVGDVNTDRPGLLDLK,0
QCCITIPECCRI,0
QCVGTITLDQSDDLFDLNCNELQSVR,0
QEADPSSSLEADSTLKDEPRELSNM,0
QFSKQQSKS,0
QGLPPGPPIPR,0
QGRLGTQWAVGHLM,0
QGTTNIVCECCMKPCTLSELRQYCP,0
QGVNDNEEGFFSAR,0
QGVTYCYTWHGDFRNPCLFC,0
QHTRDASIQVLGIAQQAANVAATARG,0
QIDPLGFSGGI,0
QIGFLNVTCKKSINANAEESLEADY,0
QPFPQPQQPFPQSQ,0
QPSYDRDIMSFG,0
QQPFVQQQQPFVQQ,0
QRFSQPTFKLPQGRLTLSRKF,0
QSERFEQQMQGQDFSHDERFLSQAA,0
QVEAHRLHSIRDNQ,0
QVHIWRRSYDISPPDLDPQDPNSAHN,0
QVRERVFQQALQGA,0
QWAQWPRPTPQIPP,0
QWGYGGMPYGGYGGMGGYGMGGYGMGY,0
QYCTPNRDYQNTDAT,0
QYPLGQGSFRPS,0
RAEELAKLFAHTGSIQALGMDELEGHE,0
RAGIPEAFVSLG,0
RCCKFPCPDSCRYLCC,0
RCCQTFYWCCVQ,0
RCICTTRTCRFPYRRLGTCIFQNRVYTFCC,0
RCTCTTIISSSSTF,0
RCVCRRGVCRCVCTRGFC,0
RDAQAFAAGHITGARHLDNHSVADFIRGA,0
RDRTGTGGGAPCKSESDGNPTTEDESSRSP,0
RDSLQRGGQKILEKAERIGDRIKDIFRG,0
RDWERREFERRQNELRREQEQRREELL,0
REGSWDLGVEWFPMLENPVKTQISV,0
RELAKAEKLSLEEGGKDARGLLSGLRRRKRPLSW,0
RELEELNVPGEIVESLSSSEESITRINK,0
RERKVRGLQLRLLFLVGTASNP,0
RFRLPFRRPPIRIHPPPFYPPFRRFL,0
RFVQAGSEVSALLGR,0
RGCREGGEFCGTLYEERCCSGWCFFVCV,0
RGFMDTAKNVAKNMAVTLLDNLKCKITKAC,0
RGGRLCYCRRRFCVCVGR,0
RGKQLHAAVHSLQSFDRAMDQFLAFLSETETLC,0
RGLWSKIKEAGKAALTAAGKAALGAVSDAV,0
RGPDHRFAFGL,0
RHYYRGQSQPQW,0
RICRIIFLRVCR,0
RIVYVCSSLLAVLLTV,0
RKFHEKHHSHRGYRSNYLYDN,0
RKYVMGHFRWDRFGRRNSSSSGSSGAGQKR,0
RLGTRCSVCMLHAWQGGKQVDE,0
RMETSTVLKDLKPETEYVVNVYSVVEDEYSEP,0
RMTLSEKCCQVGCIRKDIARLC,0
RNTQPIPSHSWISRSELVRMLVDDEQTY,0
RPIPRPQAPRPGAPRPGAP,0
RPWCHPINAILAVEKVVCTYRDVRFESIRL,0
RQYKNEFQNQTQM,0
RRARLALLDALDLS,0
RRCSNRNFVRL,0
RRKMCGEALIQALDVICVNGFT,0
RSAVGRHGRRFGLRKHRKH,0
RSKRTLGLGSLYGENDLLGL,0
RSLDASPSSAFSGNHSLS,0
RSNKGFNFMVDMIQALSK,0
RTQNWTNSFGSSNAGNGSTT,0
RVCFAIPLPICH,0
RVDSADESNDDGFD,0
RVIASSDLVWP,0
RVLAYLLDKNLPKEQQE,0
RWCKDGGVDNAQKKCVFMHYF,0
RYDWWPYGNLFGGHTFISP,0
RYRNIEPQAINEVEVIEEA,0
SAATNAVHRCCLTGCTQQDLLGLCPH,0
SAGATANLPLRS,0
SAMRLCLPSFDKLELLECI,0
SCIALTLVLVANSAPTTSSSTKETQQQLE,0
SCIKHGDFCDGDNDDCQCCRDNGF,0
SDEDSDGDRPQASPGLGPGP,0
SDLTWTYQSPGDPTNSKN,0
SDPSVPLRPEEDELIDQ,0
SDPSVPVEPEDDDMVDQ,0
SDQVEDIA,0
SDRPTRAMDSPLIRF,0
SDVFFRPGSIEA,0
SEAAALPRASAAAMRAAWPSPSVERV,0
SEAAALPRASAAAMSCVAEPECREG,0
SEGIIIWITYIYHN,0
SELCKLYDYCP,0
SENPSNSRNFIRL,0
SESRRTQALILKQAK,0
SFHVFPPWMCKSLKKC,0
SFPFFPPGICKRLKRC,0
SGFVLKGYTKTSQ,0
SGTGLSATLPQRF,0
SGWNAYIDTMTAAAP,0
SGYLPGKEYVYKYKGKVF,0
SIGDSHIGILEQLKAW,0
SIITMTKEAKLPQLWKQIACRLYNTC,0
SLDELAAASAASTEAALDALLEQPPVEEAFV,0
SLGPAIKATRQVCPKATRFVTVSCKKSDCQ,0
SLHRNDITICC,0
SLLADTQSGHRW,0
SLSRFLSFLKIVYPPAF,0
SLSRNALC,0
SLSYEDKMFDNVEFTPRL,0
SLVADNCVTLVWRMPDEDSKIDHYVLEYRRTNFE,0
SMAMGRLGLRPG,0
SMEKWNVICHNTHGERPTYKQMKDKKMNIKFR,0
SMLSVLKNLGKVGLGFVACKINKQC,0
SMMRGVYSWFGCQWHNML,0
SPANAQITRKRHKINSFVGLM,0
SPMQRSSMVRF,0
SPVDYDRPIMAFG,0
SPYENYKCEYQMPRWLEDE,0
SQGQRISALRAIGASAPELPR,0
SRLSELSKVQISELS,0
SSKLHCQVGDLQYKMPF,0
SSPETLISDLLMRESTENVPRTRLEDPAMW,0
SSSMYDRDIMSFG,0
STDCGGPKTQPLACDHPPLPDILFL,0
SVLSTITDMAKAAGRAALNAITGLVNQGEQ,0
SVLTPSLSSLGESLESGIS,0
SVNTKNDFMRF,0
SVTILNNHLTLASMMPIVLLVFAA,0
SWEQRNCQMLMNVCNVNRRKGCLGGGRK,0
SWKSMAKKLKEYMEKLKQRA,0
SWPVCTRNGLPVCGETCVGGTCNTPGCTC,0
SYCGHGIHKLFHTAPNVPHYAKNKAVGVM,0
SYCGSTTRICCGYCAYFGKKCIDYPSN,0
SYGWAEGDTTDNEYLRF,0
SYKKIDCGGACAARC,0
TAEALRCQENYLPSPCQ,0
TAIQLQP,0
TCCKFQFLNFCCNE,0
TCTLGTCYTAGCSCSWPVCTRNGVPICGE,0
TDTLKHFLKLEYEKGEKNMEIILLTDISNKGK,0
TECTFM,0
TFSLPRSLLDSMTVAVD,0
TFTDYVDRFNSV,0
TGCRSVCSHVVRNGDITFILTSPLRS,0
TGWERFPSYVRDFGYSGGLQ,0
THGSALFT,0
THIPNAWQEPQVVYKMKLRNVSKNN,0
THPRKFYLVIGEQWSANCGFSLGNTMMEVPFEYMWP,0
TIGDAIEAIENGVPIDMVQIDLTRTW,0
TILVHSAWAKE,0
TIYQKATGHVQAKIPPL,0
TMDKAFMICVEISWGIFN,0
TMKLCGRKLPETLSKLCVY,0
TPLEAIASSLTELFAPNLHE,0
TPVVNPPFLQQT,0
TQRLANFLIHSSNNFGAIFSPPN,0
TRGSTDDISIVIIQLQQFSRMSREEDEKLLFP,0
TRVSAMPNCA,0
TTITVVNKCSYTVWPGALPGGGVVLD,0
TTVAEICQFVKPATH,0
TVPQGGMEMWLLYLLVPAMFCRAGG,0
TVVRRRGRSPRRRTPSPRRRRSQSPRRRR,0
TWLKKRRWKKAKPP,0
VAARHPGLEE,0
VALQQKQRSALFVAQMAKSLGAQGAIVAEEGYGN,0
VCIADDMPCGFGLFGGPLCCSGWCLFVCL,0
VCYDPEREGVYDESNIHELRTIKLNDLDIN,0
VDATGDIDIDFHHTVEDIGIVLGQALKEALG,0
VDHDRHIIKHLKSGCIGCIDASK,0
VDKLADTVKTTIGPKGRNVVLEQSYGNP,0
VDKPDYRPRPWPRPNM,0
VDMGKPSFNPADIL,0
VELQDKVDSLDKDIKFLKCLY,0
VFDKYHLLPRHISQLYEMFLEG,0
VFMGMGEPLLNLKEVI,0
VFTFFLQLEGFTLGVKDILVTDVADRK,0
VGECVRGRCPSGMCCSQFGYCGKGPKYCGR,0
VGYLSASIEWAWRTGDPEAWRKWWNDP,0
VIAEDDLVDSCKPGDRV,0
VIQQKTQFPIDKSPQQIPMMYGVEWPMWN,0
VIVKAIATLSKKLL,0
VKLYSFNLGGLFFLCCTSLGVYTV,0
VKRCCDEEECSSACWPCCWG,0
VKVPQKNDEQYVM,0
VLAMLSR,0
VLDHMSGVDFKRFMHMSE,0
VLSHNNESSYSDTSSCTSQ,0
VLTGMGADGREGARMLKAAGATIWA,0
VMGNRSHVDQRPVKTTDTSSETQQYFRMAMISDIT,0
VMMVEAGFGTHGCPLLQGTCDSHCRGMDA,0
VNAEAM,0
VNHSACAAHCILRGKTGGRCNSNAVCVCR,0
VPCYFIYGNRDFLIGSRFCQETGMTLLPEHTVI,0
VPLPAGGGTVLNQDVPARQPLGG,0
VPSAGDMMVRF,0
VQDKRWIQSAYTSIPEMP,0
VQGKALSYNNIADTDAALECVKEF,0
VQQQQPLGQQQP,0
VRAAKLLQRE,0
VRANRHMRLWNLFYSGKM,0
VSVYVFVFIDWHIRPKCHSCQIFQCIWRN,0
VTLLLAYRSPLCRDTKPMYRP,0
VTMSTEEFFYDADTNTKLLPDWESLSHPSYIMY,0
VTMVEAGFGCPSFPSPRDSHCRGMGR,0
VTRPRRRQSDGFPTCQGPRRE,0
VTTSSDPVIQELAEKDE,0
VVCNYRDVRFESIRLPGGPRGVNPVVSY,0
VVDPGVIPRNLHQMPPVDPSQDPLAIGPPT,0
VVLPYRDRLQVFS,0
VVNTPGHAVSYHVY,0
VVRYARPG,0
VWPLGLVICKALKIC,0
VWTLTVYSIWMSVEDHIGY,0
VYIDRKAIDRPALDHLYALLEETDLPVLGEK,0
VYVPRYIANLY,0
WCPSDMMPAVYVNEGHESKDKNQQMCKAMWNSET,0
WEAKLAKALAKALAKHLAKALKAKALCEA,0
WIIQVKVAIKKHL,0
WLNALLHHGLNCAKGVLA,0
WLSKTAKKLENSAKKRISEGIAIAIKGGSR,0
WMSYRWGRKDQPQKWEFNPENMPYFNGDKWSSMEPENW,0
WQIPEQSQCQAI,0
YCNGKRVCVCRG,0
YCTDGWNQEGIHRANH,0
YEKERNENAKHYQPMFMRSWH,0
YFDDDDMWNKAENMLKEAADELGLSYEEA,0
YFHGWPNQELKLSIKLYYMCQCGFYVYGVAALL,0
YFTTVGRALSSNLVPLWDSATGKAASFVTSFSF,0
YGGFIGIRKSARKWNNQ,0
YGGFLRRIRFARKLANQ,0
YGGFLRRQFKVVTRSQEDPNAYSGELFDA,0
YGGFMKPYTKQSHKPLITLLKHITLKNEQ,0
YGKPMEPEKIPDIIFIDGGRGQLSRAYNV,0
YIEVKTGGVTLILTKRIYAYLQHQGSNF,0
YIKVLRCRVVFQNEC,0
YISPEVLKSQGGDGYYGRE,0
YKMFMVAAPKVPVKRGCIDACPKNSLLVKY,0
YKVDEDLQGAGGIQSRGYFFFRPRN,0
YLHATLFLIGEYLHLAFYY,0
YLRNPRKNLLKNILADVLARQLQKK,0
YNPWDP,0
YQLLQELCCQHL,0
YSSQHLCGSNLVEALYMTCGRSGFYRPHD,0
YVSQRLCGSQLVDTLYSVCRHRGFYRPND,0
YWNVKTLDEKAGFPKEDYVKIGDCYCQ,0
YYFCMEEWQLERSLMWWNYKPLNKNMRN,0
AGCKNFFWKTFTSC,0
AHALCLTERQIKSNRRMKWKKEN,0
CYFQNCPRG,0
EILLPNNYNAYESYKYPGMFIALSK,0
FITKALGISYGRKKRRQC,0
FVPIFTHSELQKIREKERNKGQ,0
GWTLNSAGYLLGPHAI,0
GWTNLSAGYLLGPPPGFSPFR,0
HDEFERHAEGTFTSDVSSYLEGQAAKEFIAWLVKGR,0
IAARIKLRSRQHIKLRHL,0
ILRRRIRKQAHAHSK,0
KIWFQNRRMK,0
KKLSECLKRIGDELDS,0
KLALKALKAALKLA,0
KLALKLALKALKAA,0
LLGKINLKALAALAKKIL,0
LNSAGYLLGKALAALAKKIL,0
LNSAGYLLGKLKALAALAK,0
LRKKKKKH,0
PVVHLTLRQAGDDFSR,0
QNLGNQWAVGHLM,0
RPPGFSPFR,0
RQIKIWFQNRRM,0
RQIKIWFQNRRMKWK,0
TERQIKIWFQNRRMK,0
WSYGLRPG,0
LPALAGIAGLLGKIFGK,0
GLLSGILGAGKNIVCGLSGLLKLESEII,0
FDLGGLIKGVVDLF,0
LVRGCWTKSYPPKPCFVR,0
AKEFGIPAAVAGTVLNVVEAGGWVTTIVSI,0
GIGCGESCVWIPCVSAAIGCSCSNKICYRN,0
RNCESLSHRFKGPCTRDSNC,0
GIPCAESCVWIPCTVTALLGCSCSNKVCYN,0
IWSAIWSGIKGLL,0
HEPCGESCVFIPCITTVVGCSCKNKVCYN,0
FGSLFSLGSKLLPTVFKLFSRKKQ,0
ILGTILGLLKSL,0
LLSLVPHAINAVSAIAKHFG,0
ADNKNPLEECFRETNYEEFLEIAR,0
NWRKILGQIASVGAGLLGSLLAGYE,0
PNPKVFFDMTIGGQSAGRIVMEEYA,0
FFPIVAGVAGQVLKKIYCTISKKC,0
FFPNVASVPGQVLKKIFCAISKKC,0
FLPILINLIHKGLL,0
VRDICKKEAERQDLSSCENYITQRRGY,0
GSRYLCTPGSCWKLVCFTTTVK,0
CVWIPCISGIAGCSCKNKVCYLNSLDN,0
GWKKWLRKGAKHLGQAAIK,0
GPVGLLSSPGSLPPVGGAP,0
IFGAILPLALGALKNLIK,0
CGETCLFIPCLTSVFGCSCKNRGCYKI,0
RCRFCCRCCPRMRGCGICCRF,0
AFFTTVKNLVTNVAGTVIDKMKCKLTGEC,0
ALSILRGLEKLAKMGIALTNCKATKKC,0
FFRLLFHGVHHVGKIKPRA,0
GMWGSLLKGVATVVKHVLPHALSSQQS,0
GIGRKFLGGVKTTFRCGVKDFASKHLY,0
LLDTVKNLATNLAGQLLDRLKCKVTG,0
KWKLFKKIGIGKFLHSAKKF,0
DTNFPICIFCCKCCNNSQCGICCKT,0
RGGRLCYCRGWICFCVGR,0
YPELQQDLIARLL,0
RCLPAGKTCVRGPMRVPCCGSCSQNKCT,0
CTTCECCCSCS,0
RWCVYAYVRVRGVLVRYRRCW,0
ALWKTIIKGAGKMIGSLAKNLLGSQAQPES,0
WLGSALKIGAKLLPSVVGLFKKKKQ,0
GTACGESCYVLPCFTVGCTCTSSQCFKN,0
AKAWGIPPHVIPQIVPVRIRPLCGNV,0
FFGSLLSLGSKLLPSVFKLFQRKKE,0
FPPIVGKLLFGLL,0
GILDAIKAIAKAAG,0
LSTALKVAANVVPTLFCKITKKC,0
CSTNTFSLSDYWGNNGAWCTLTHECMAWCK,0
VTGCSSCRLITFNYAVACCWRLGRCCSAER,0
GVCRCLCRRGVCRCLCRR,0
GLNTLKKVFQGLHEAIKLINNHVQ,0
INWKKIKSLIKAAMS,0
IPLPLGYFAKKT,0
LPAVLKVAAHILPTAICAISRRC,0
IIGLVSKGTCVLVKTVCKKVLKQG,0
TMKKPLLLLFFFGTISLSLCEQERDAD,0
GLKEIFKAGLGSLVKGIAAHVAS,0
LLGDLLGQTSKLVNDLTDTVGSIV,0
KRRGSVTTRYQFLMIHLLRPKKLFA,0
HRHQGPIFDTRPSPFNPNQPRPGPIY,0
FVGAIAAALPHVISAIKNAL,0
GKNGVFKTISHECHLNTWAFLATCCS,0
NFLGTLINLAKKIM,0
AIMDTIKDTAKTVAVGLLNKLKCKITGC,0
FITLLLRKFICSITKKC,0
VTSWSLCTPGCTSPGGGSNCSFCC,0
LMDIFKVAVNKLLAAGMNKPRCKAAHC,0
FLPVIAGVAAKFLPKIFCAITKKC,0
SCTTCVCTCSCCTT,0
KHFGKDSNFPFGT,0
FLPIIAGIAAKVFPKIFCAISKKC,0
GLKDWWNKHKDKIVEVVKDSGKAGLNAA,0
TPATPTVAQFVIQGSTICLVC,0
GFISTVKNLATNVAGTVIDTIKCKVTGGC,0
GIVDFAKKVVGGIRNALGI,0
PEEMNKYLTALRHYINLVTRQRY,0
FLSLIPKIAGGIASLVKNL,0
IGKEFKRIVQRIKDFLRNLVPRTES,0
IKELLPHLSGIIDSVANAIK,0
RVRRFWPLVPVAINTVAAGINLYKAIRRK,0
GIGKYLHSAKKFGKAWVGEIMNS,0
GSLCGDTCFVLGCNDSSCSCNYPICVKD,0
MKCKFCCNCCNLNGCGVCCDF,0
IIEKLVNTALGLLSGL,0
XXTKFDFFTLALQXPAXF,0
ILPILAPLIGGLL,0
GLMSTLKGAATNVAVTLLNKLQCKLTGTC,0
GLVASIGRALGGLLADVVKSKEQPA,0
SGPVPSGCLRCICVVESGXRMPNPV,0
INWKKIAEIGKQVLSAL,0
KTHYPTNAWKSLWKGFWESLRYTDGF,0
GFLGPLLKLAAKGVAKVIPHLIPSRQQ,0
GIMSKIKGTVQNAAVTLLNKLQCKITGGC,0
SDYSRKRDPPQKYEEE,0
AVVNGVNYVGETTAA,0
GVVTDLLNTAGGLLGNLVGSLSG,0
FIGGIISFIKKLF,0
GLPVCGETCFTGTCYTNGCTCDPWPVCTRN,0
AHDRNPLEEYFRETDYEEFL,0
DSHAKRHHGYKRKFHEKHHSHRGY,0
LPAALAGIGGILGKLFGK,0
ATITFTNKCTRTVWPGG,0
FVDLKKIANIINSIFGK,0
VIGSILGALASGLPTLISWIKNR,0
GILTDTLKGAAKNVAGVLLDKLKCKITGGC,0
KIFTKCELARKLRAEGMDGF,0
GLFSVLGSVAKHLLPHVAPIIAEKL,0
ALYNSEDLYEETSDSDD,0
GWINEEKIQKKIDEP,0
VKSTGRADDDLAVKTKYLPP,0
ILSYLWNGIKSIF,0
GLLSGTSVRGSI,0
AVPDVAFNAYG,0
VGIGTPIFSYGGGAGHVPEYF,0
FLPILAGLATKIVPKVFCLITKKC,0
SKGKKANKDVELARG,0
GFMDTAKNVFKNVAVTLLDKLKCKIAGGC,0
GLPVCGESCFGGSCYTPGCSCTWPICTRD,0
LLGMIPVAISAISALSKL,0
VNPIILGVLPKFVCLITKKC,0
YSKSLPLSVLNP,0
LFGFLIPLLPHIIGAIPQVIGAIR,0
FLPLVGKILSGLI,0
QYRHRCCAWGPGRKYCKRWC,0
VIDDLKKVAKKVRRELLCKKHHKKLN,0
QRPYTQPLIYYPPPPTPPRIYRA,0
FLPFIARLAAKVFPSIICSVTKKC,0
KDLHTVVSAILQAL,0
KVHGSLARAGK,0
GADFQECMKEHSQKQHQHQG,0
IGCGGGAVACQNYRQFCR,0
GLVDVLGKVGGLIKKLLPG,0
FLPFLATLLSKVL,0
VVAKGLGKEVGKFGLDLMACKVTNQC,0
RKCNFLCKLKEKLRTVITSHIDKVLRPQG,0
FLPAVIRVAANVLPTVFCAISKKC,0
KKKSGVIPTVSHDCHMNSFQFVFTCCS,0
PRCPPCPRCSWCPRCPTCPRCNCNPK,0
KIPCGESCVWIPCVTSIFNCKCENKVCYHD,0
QCRRLCYKQRCVTYCRGR,0
RPRPNYRPRPIYRP,0
IIGHLIKTALGFLGL,0
FLGALWNVAKSVF,0
GLLGSIFGAGKKIACALSGLC,0
GLLDVVKGAAKNLLASALDKLKCKVTGC,0
SLGSFMKGVGKGLATVGKIVADQFGKLLEA,0
GIRCPKSWKCKAFKQRVLKRLLAMLRQHAF,0
GVGDIFRKIVSTIKNVV,0
GLMDMVKGAAKNLFASALDTLKCKITGC,0
VNHALCAAHCIARRYRGGYCNSKAVCVCR,0
FLPLLAASFACTVTKKC,0
PRGSPRTEYEAARR,0
DLPECCSATELELDSGKQTS,0
GFGALFKFLAKKVAKTVAKQVAKKQME,0
LRPAVIVRTKGK,0
GLLDTIKGVAKTVAASMLDKLKCKISGC,0
GWFKKAWRKVKNAGRVLKGVGIHYGVGLIG,0
GLPCGETCFTGKCYTPGCSCSYPICKKIN,0
CPQTPRCTNYAEKGQCPPN,0
GLLSVLGSLKLIVPHVVPLIAEHL,0
TLKKSLLLIFVLGTISLSLC,0
PLIASLAGNVVPNIFCKITKRC,0
GLLNGLALRLGKRALKKIIKRLCR,0
INWKKIAEVGGKILSSL,0
GLHKVMREVLGYERNSYKKFFLR,0
FLPLVRGAAKLIPSVVCAISKRC,0
TLKKSMLLLFFLGTINLSLCEQ,0
FLGGLWKAMSNLL,0
LPSDATLVLDQTGKELDARL,0
IFGAIAGLLKNIF,0
QDYCAQEGQQEVQRKDLSDLERYLRQSRQR,0
FVGAALKVLANVLPPVISWIKQ,0
FIGAILPAIAGLVGGLINR,0
LPVAGVAAEMQHVFCAISKKC,0
FIPGLRRLFATVVPTVVCAINKLPPG,0
XSHLSLCRWCCNCCHNKGXGFCCKF,0
RVKRQSHLSLCRYCCNCCRNKGCGYCCKF,0
FLPIIAKVLSGLL,0
GFKDLLKGAAKALVKTVLF,0
TQWAVGHLMGKKS,0
GLFDIIKNIFSGL,0
GLFVGLAKVAAHNNPAIAEHFQA,0
KRGSGWIATITDDCPNSVFVCC,0
RLPPGFTPWRIAPAIV,0
FLSGILKLAFKIPSVLCAVLKNC,0
GFRDVLKGAAKQFVKTVAGHIANI,0
LPIFSAICKKTKKC,0
GLLGPLLKIAAKVGSNLL,0
FWGALIKGAAKLIPSVVGLFKKKQ,0
FISAIASMLGKFL,0
SLWSKIKEMAATAGKAALNAVTGMVNQ,0
FIGTALGIASAIPAIVKLFK,0
LGTLLGVGAKILPSLICKISGKC,0
NILNTIINLAKKIL,0
RSTEDIIKSISGGGFLNAMNA,0
LPKMSTKLRVPYRRGTKDYH,0
ASGGTVGXYGAWMRSXSLVSXSTITTFS,0
TLKKPLLVLFFLATINLSLC,0
ILGKIWEGIKSLF,0
ILAWKWAWWAWRX,0
KYYGNGVHCGKHSCTVDW,0
VLPLISMALGKLL,0
PPCPSCLSCPWCPRCLRCPMCKCNPK,0
GLIGSIGKALGGLLVDVLKPKLQAAS,0
PQRGEGGRAGNLLREEQEI,0
GDFFRKSKEKIGKEFKRIVQRIKDFLRN,0
GFLSALKKYLPIVLKHV,0
FFSLIPSLIGGLVFAIK,0
TISLSLCDQERNADEEERGDEEVAKMEE,0
GLWSTIKQKGKEAAIAAAKAAGQAALGAL,0
IAIQGGXGYLXQPGDGYKYA,0
VDKPPYLPRPPPPRRIYNNR,0
INWKALLDAAKKVL,0
PMKKSLLLLFFFGPISLSFCDQ,0
GLKDWVKIAGGWLKKKGPGILKAAMAAATQ,0
GRGREFMSNLKEKLSGVKEKMKNS,0
PDPAKTAPKKGSKKAVTKXA,0
DINFPICRFCCQCCNKPSCGICCEE,0
IDWKKLLDAAKQIL,0
FDIMGLIKKVAGAL,0
AALKGCWTKSIPPKPCFGKR,0
SAIACGESCVYIPCFIPGCSCRNRVCYLN,0
GLWETIKNFGKKFTLNILHKLKCKIGGGC,0
GIPCGESCVFIPCISSVVGCSCKSKVCYLD,0
TLQPPSALRRRHYHHALPPSRHYPGREAQA,0
GLVSGLLNTAGGLLGDLLGSLGSLSG,0
GTPCGESCVWIPCISSAVGCSCKNKVCYKN,0
INWKGIAAMAKKLL,0
GNGVLKTISHECNMNTWQFLFTCC,0
GTPCGESCVYIPCISGVIGCSCTDKVCYLN,0
IGPMIKIATNLLPTVICKIFKKC,0
PAGPFRIPPRXRXEFQ,0
WWRELLKKLAFTAAGHLGSVLAAKQSGW,0
SMWSGMWRRKLKKLRNALKKKLKGE,0
GTRCGETCFVLPCWSAKFGCYCQKGFCYRN,0
KIMAKPSKFYEQLRGR,0
SMGAVKLAKLLIDKMKCEVTKAC,0
GLSQGVEPDIGQTYFEESRINQD,0
QWGRRCCGWGPGRRYCVRWC,0
FLGLLFHGVHHVGKWIHGLIHGHH,0
AGIGKIGDFIKKAIAKYKN,0
FLSLIPAAISAVSALADHF,0
GVGYKVVVTTTAAADDDDVV,0
GWKDWLKKGKEWLKAKGPGIVKAALQAATQ,0
AVPLIYNRPGIYAPKRPKGK,0
FLAKKVAKTVAKQAAKQGAKYVVNKQME,0
FMGGLIKAATKALPAAFCAITKKC,0
GIVDFAKGVLGKIKNVLGI,0
SGTSEKERESGRLLGVVKRLIVCFRSPFP,0
RIIDLLWRVRRPQKPKFVTVWVR,0
FFPAIFRLVAKVVPSIICSVTKKC,0
FLPLLASLFSRLL,0
LKLKSILGKLGVILSHLNK,0
FLSLALAALPKFLCLVFKKC,0
RQKGFCAFLKCPSLTIISGKCSRFHFCCK,0
FLPLLFGAISHLL,0
FLPILASLAAKFGPKLFCLVTKKC,0
FIHHIFRGIVHAGRSIGRFLTG,0
GFWGSLWEGVKSVV,0
ATAWDFGPHGLLPIRPIRIRPLCGKDKS,0
GIFLDKLKNFAKGVAQSLLNKASCKLSGQC,0
FLPMLAGLAASMVPKLVCLITKKC,0
HSACAANCLSMGKAGGRCENGVCLCR,0
GLMSVLGHAVGNVLGGLFKPKS,0
LGALLGAAANIVPSLICKISRKC,0
GFGSLFKFLGKKLLKTVAKQAAKKQME,0
FAEPTBSEEEGESYSKEVPEMEKRYGGFM,0
IFKAIWSGIKRLC,0
FLPLIGKILGTILGK,0
SGVFEVHNNXPYTVWAAATPVGGGRR,0
LYKLVKVVLNM,0
KRFGRLAKSFLRMRILLPRRKILLAS,0
